,author,authorData,downloads,gated,id,inference,lastModified,likes,pipeline_tag,private,repoType,isLikedByUser,widgetOutputUrls,sizes,min_size,max_size,trending,mined_date
0,Snowflake,"{'avatarUrl': 'https://cdn-avatars.huggingface.co/v1/production/uploads/64ba2f59a6ccf0f64b4ad254/eTDA37yFwUVP45c1WTSs2.png', 'fullname': 'Snowflake', 'name': 'Snowflake', 'type': 'org', 'isHf': False, 'isMod': False, 'isEnterprise': False}",526,False,Snowflake/snowflake-arctic-embed-m-v1.5,NotPopularEnough,2024-07-19T22:18:37.000Z,30,sentence-similarity,False,model,False,[],436MB | 144MB | 218MB | 110MB | 149MB | 110MB | 110MB,115343360.0,457179136.0,1,26-07-2024
1,nomic-ai,"{'avatarUrl': 'https://cdn-avatars.huggingface.co/v1/production/uploads/641f01fe6d51620635e118e9/wy0ax27ok1-uHWoUAHSEs.png', 'fullname': 'Nomic AI', 'name': 'nomic-ai', 'type': 'org', 'isHf': False, 'isMod': False, 'isEnterprise': False}",443967,False,nomic-ai/nomic-embed-text-v1.5,Cold,2024-06-05T15:03:49.000Z,290,sentence-similarity,False,model,False,,548MB | 138MB,144703488.0,574619648.0,2,26-07-2024
2,mixedbread-ai,"{'avatarUrl': 'https://cdn-avatars.huggingface.co/v1/production/uploads/643ee0870d1194da249bd7fe/voYdYlFgQH5vyMwyMNluZ.png', 'fullname': 'Mixedbread', 'name': 'mixedbread-ai', 'type': 'org', 'isHf': False, 'isMod': False, 'isEnterprise': False}",1725555,False,mixedbread-ai/mxbai-embed-large-v1,Warm,2024-07-22T14:32:14.000Z,428,feature-extraction,False,model,False,,1.34GB | 669MB | 337MB,353370112.0,1438814044.16,3,26-07-2024
3,mixedbread-ai,"{'avatarUrl': 'https://cdn-avatars.huggingface.co/v1/production/uploads/643ee0870d1194da249bd7fe/voYdYlFgQH5vyMwyMNluZ.png', 'fullname': 'Mixedbread', 'name': 'mixedbread-ai', 'type': 'org', 'isHf': False, 'isMod': False, 'isEnterprise': False}",1203,False,mixedbread-ai/deepset-mxbai-embed-de-large-v1,NotPopularEnough,2024-07-22T14:32:42.000Z,20,feature-extraction,False,model,False,,1.94GB | 907MB | 973MB | 488MB | 926MB | 539MB | 488MB | 488MB,511705088.0,2083059138.56,4,26-07-2024
4,jinaai,"{'avatarUrl': 'https://cdn-avatars.huggingface.co/v1/production/uploads/603763514de52ff951d89793/AFoybzd5lpBQXEBrQHuTt.png', 'fullname': 'Jina AI', 'name': 'jinaai', 'type': 'org', 'isHf': False, 'isMod': False, 'isEnterprise': False}",22633,False,jinaai/jina-embeddings-v2-base-zh,NotSupported_ExplicitOptOut,2024-07-03T15:14:29.000Z,162,feature-extraction,False,model,False,,641MB | 321MB | 162MB,169869312.0,672137216.0,5,26-07-2024
5,nomic-ai,"{'avatarUrl': 'https://cdn-avatars.huggingface.co/v1/production/uploads/641f01fe6d51620635e118e9/wy0ax27ok1-uHWoUAHSEs.png', 'fullname': 'Nomic AI', 'name': 'nomic-ai', 'type': 'org', 'isHf': False, 'isMod': False, 'isEnterprise': False}",3419625,False,nomic-ai/nomic-embed-text-v1,Cold,2024-06-05T15:02:59.000Z,419,sentence-similarity,False,model,False,,548MB | 138MB,144703488.0,574619648.0,6,26-07-2024
6,Snowflake,"{'avatarUrl': 'https://cdn-avatars.huggingface.co/v1/production/uploads/64ba2f59a6ccf0f64b4ad254/eTDA37yFwUVP45c1WTSs2.png', 'fullname': 'Snowflake', 'name': 'Snowflake', 'type': 'org', 'isHf': False, 'isMod': False, 'isEnterprise': False}",414752,False,Snowflake/snowflake-arctic-embed-m,Cold,2024-05-10T15:49:33.000Z,110,sentence-similarity,False,model,False,[],436MB | 144MB | 218MB | 110MB | 149MB | 110MB | 110MB,115343360.0,457179136.0,7,26-07-2024
7,Alibaba-NLP,"{'avatarUrl': 'https://www.gravatar.com/avatar/1ae3fd9f5b9356f196c997d93eb23038?d=retro&size=100', 'fullname': 'Alibaba-NLP', 'name': 'Alibaba-NLP', 'type': 'org', 'isHf': False, 'isMod': False, 'isEnterprise': False}",107873,False,Alibaba-NLP/gte-base-en-v1.5,NotSupported_CustomCode,2024-04-26T13:53:41.000Z,36,sentence-similarity,False,model,False,[],556MB | 167MB | 278MB | 147MB | 174MB | 147MB | 147MB,154140672.0,583008256.0,8,26-07-2024
8,Alibaba-NLP,"{'avatarUrl': 'https://www.gravatar.com/avatar/1ae3fd9f5b9356f196c997d93eb23038?d=retro&size=100', 'fullname': 'Alibaba-NLP', 'name': 'Alibaba-NLP', 'type': 'org', 'isHf': False, 'isMod': False, 'isEnterprise': False}",1778957,False,Alibaba-NLP/gte-large-en-v1.5,NotSupported_CustomCode,2024-04-26T13:51:26.000Z,134,sentence-similarity,False,model,False,[],1.75GB | 361MB | 873MB | 446MB | 387MB | 446MB | 446MB,378535936.0,1879048192.0,9,26-07-2024
9,Supabase,"{'avatarUrl': 'https://cdn-avatars.huggingface.co/v1/production/uploads/63267719ff539edeea96336a/I4961jNG67wvlqZP1swzQ.png', 'fullname': 'Supabase', 'name': 'Supabase', 'type': 'org', 'isHf': False, 'isMod': False, 'isEnterprise': False}",555587,False,Supabase/gte-small,NotSupported_PipelineLibraryPairNotSupported,2024-03-18T18:02:53.000Z,56,feature-extraction,False,model,False,,133MB | 66.7MB | 34MB,35651584.0,139460608.0,10,26-07-2024
10,Snowflake,"{'avatarUrl': 'https://cdn-avatars.huggingface.co/v1/production/uploads/64ba2f59a6ccf0f64b4ad254/eTDA37yFwUVP45c1WTSs2.png', 'fullname': 'Snowflake', 'name': 'Snowflake', 'type': 'org', 'isHf': False, 'isMod': False, 'isEnterprise': False}",40395,False,Snowflake/snowflake-arctic-embed-l,NotPopularEnough,2024-05-10T15:51:18.000Z,78,sentence-similarity,False,model,False,[],1.34GB | 299MB | 669MB | 337MB | 318MB | 337MB | 337MB,313524224.0,1438814044.16,11,26-07-2024
11,jinaai,"{'avatarUrl': 'https://cdn-avatars.huggingface.co/v1/production/uploads/603763514de52ff951d89793/AFoybzd5lpBQXEBrQHuTt.png', 'fullname': 'Jina AI', 'name': 'jinaai', 'type': 'org', 'isHf': False, 'isMod': False, 'isEnterprise': False}",14542,False,jinaai/jina-reranker-v1-turbo-en,NotSupported_CustomCode,2024-06-20T06:50:44.000Z,44,text-classification,False,model,False,[],151MB | 103MB | 75.8MB | 38.3MB | 104MB | 38.3MB | 38.3MB,40160460.8,158334976.0,12,26-07-2024
12,Xenova,"{'avatarUrl': 'https://cdn-avatars.huggingface.co/v1/production/uploads/61b253b7ac5ecaae3d1efe0c/hwiQ0uvz3t-L5a-NtBIO6.png', 'fullname': 'Joshua', 'name': 'Xenova', 'type': 'user', 'isPro': False, 'isHf': True, 'isMod': False}",1826,False,Xenova/bge-small-en-v1.5,NotSupported_PipelineLibraryPairNotSupported,2024-03-12T01:51:27.000Z,9,feature-extraction,False,model,False,,133MB | 66.7MB | 34MB,35651584.0,139460608.0,13,26-07-2024
13,jinaai,"{'avatarUrl': 'https://cdn-avatars.huggingface.co/v1/production/uploads/603763514de52ff951d89793/AFoybzd5lpBQXEBrQHuTt.png', 'fullname': 'Jina AI', 'name': 'jinaai', 'type': 'org', 'isHf': False, 'isMod': False, 'isEnterprise': False}",21057,False,jinaai/jina-embeddings-v2-base-code,NotSupported_ExplicitOptOut,2024-04-22T08:34:12.000Z,39,feature-extraction,False,model,False,,642MB | 321MB | 162MB,169869312.0,673185792.0,14,26-07-2024
14,WhereIsAI,"{'avatarUrl': 'https://www.gravatar.com/avatar/e81bd32cb5ee88835824ad6b60d05697?d=retro&size=100', 'fullname': 'WhereIsAI', 'name': 'WhereIsAI', 'type': 'org', 'isHf': False, 'isMod': False, 'isEnterprise': False}",467920,False,WhereIsAI/UAE-Large-V1,Cold,2024-07-18T07:45:42.000Z,196,feature-extraction,False,model,False,,1.34GB | 669MB | 337MB,353370112.0,1438814044.16,15,26-07-2024
15,jinaai,"{'avatarUrl': 'https://cdn-avatars.huggingface.co/v1/production/uploads/603763514de52ff951d89793/AFoybzd5lpBQXEBrQHuTt.png', 'fullname': 'Jina AI', 'name': 'jinaai', 'type': 'org', 'isHf': False, 'isMod': False, 'isEnterprise': False}",28694,False,jinaai/jina-embeddings-v2-base-de,NotSupported_ExplicitOptOut,2024-07-03T15:13:25.000Z,60,feature-extraction,False,model,False,,641MB | 321MB | 162MB,169869312.0,672137216.0,16,26-07-2024
16,nomic-ai,"{'avatarUrl': 'https://cdn-avatars.huggingface.co/v1/production/uploads/641f01fe6d51620635e118e9/wy0ax27ok1-uHWoUAHSEs.png', 'fullname': 'Nomic AI', 'name': 'nomic-ai', 'type': 'org', 'isHf': False, 'isMod': False, 'isEnterprise': False}",8660,False,nomic-ai/nomic-embed-text-v1-unsupervised,ExplicitOptOut,2024-05-02T15:36:53.000Z,11,sentence-similarity,False,model,False,,548MB | 138MB,144703488.0,574619648.0,17,26-07-2024
17,Snowflake,"{'avatarUrl': 'https://cdn-avatars.huggingface.co/v1/production/uploads/64ba2f59a6ccf0f64b4ad254/eTDA37yFwUVP45c1WTSs2.png', 'fullname': 'Snowflake', 'name': 'Snowflake', 'type': 'org', 'isHf': False, 'isMod': False, 'isEnterprise': False}",34587,False,Snowflake/snowflake-arctic-embed-m-long,NotSupported_CustomCode,2024-05-10T15:50:08.000Z,31,sentence-similarity,False,model,False,[],548MB | 158MB | 274MB | 138MB | 165MB | 138MB | 138MB,144703488.0,574619648.0,18,26-07-2024
18,Snowflake,"{'avatarUrl': 'https://cdn-avatars.huggingface.co/v1/production/uploads/64ba2f59a6ccf0f64b4ad254/eTDA37yFwUVP45c1WTSs2.png', 'fullname': 'Snowflake', 'name': 'Snowflake', 'type': 'org', 'isHf': False, 'isMod': False, 'isEnterprise': False}",12909,False,Snowflake/snowflake-arctic-embed-s,NotPopularEnough,2024-05-10T15:50:55.000Z,11,sentence-similarity,False,model,False,[],133MB | 60.1MB | 66.7MB | 34MB | 61.4MB | 34MB | 34MB,35651584.0,139460608.0,19,26-07-2024
19,Xenova,"{'avatarUrl': 'https://cdn-avatars.huggingface.co/v1/production/uploads/61b253b7ac5ecaae3d1efe0c/hwiQ0uvz3t-L5a-NtBIO6.png', 'fullname': 'Joshua', 'name': 'Xenova', 'type': 'user', 'isPro': False, 'isHf': True, 'isMod': False}",72317,False,Xenova/all-MiniLM-L6-v2,NotSupported_PipelineLibraryPairNotSupported,2024-03-12T03:11:08.000Z,44,feature-extraction,False,model,False,,90.4MB | 45.3MB | 23MB | 23MB,24117248.0,94791270.4,20,26-07-2024
20,Xenova,"{'avatarUrl': 'https://cdn-avatars.huggingface.co/v1/production/uploads/61b253b7ac5ecaae3d1efe0c/hwiQ0uvz3t-L5a-NtBIO6.png', 'fullname': 'Joshua', 'name': 'Xenova', 'type': 'user', 'isPro': False, 'isHf': True, 'isMod': False}",10,False,Xenova/paraphrase-albert-small-v2,NotSupported_PipelineLibraryPairNotSupported,2024-03-21T12:03:05.000Z,0,feature-extraction,False,model,False,,44.6MB | 22.4MB | 39.7MB,23488102.4,46766489.6,21,26-07-2024
21,Xenova,"{'avatarUrl': 'https://cdn-avatars.huggingface.co/v1/production/uploads/61b253b7ac5ecaae3d1efe0c/hwiQ0uvz3t-L5a-NtBIO6.png', 'fullname': 'Joshua', 'name': 'Xenova', 'type': 'user', 'isPro': False, 'isHf': True, 'isMod': False}",14,False,Xenova/paraphrase-albert-base-v2,NotSupported_PipelineLibraryPairNotSupported,2024-03-21T12:03:10.000Z,0,feature-extraction,False,model,False,,44.7MB | 22.7MB | 40MB,23802675.2,46871347.2,22,26-07-2024
22,Xenova,"{'avatarUrl': 'https://cdn-avatars.huggingface.co/v1/production/uploads/61b253b7ac5ecaae3d1efe0c/hwiQ0uvz3t-L5a-NtBIO6.png', 'fullname': 'Joshua', 'name': 'Xenova', 'type': 'user', 'isPro': False, 'isHf': True, 'isMod': False}",7,False,Xenova/squeezebert-uncased,NotSupported_PipelineLibraryPairNotSupported,2024-03-21T12:03:18.000Z,0,feature-extraction,False,model,False,,202MB | 101MB | 51.2MB,53687091.2,211812352.0,23,26-07-2024
23,Xenova,"{'avatarUrl': 'https://cdn-avatars.huggingface.co/v1/production/uploads/61b253b7ac5ecaae3d1efe0c/hwiQ0uvz3t-L5a-NtBIO6.png', 'fullname': 'Joshua', 'name': 'Xenova', 'type': 'user', 'isPro': False, 'isHf': True, 'isMod': False}",7,False,Xenova/squeezebert-mnli,NotSupported_PipelineLibraryPairNotSupported,2024-03-21T12:03:25.000Z,0,feature-extraction,False,model,False,,202MB | 101MB | 51.3MB,53791948.8,211812352.0,24,26-07-2024
24,Xenova,"{'avatarUrl': 'https://cdn-avatars.huggingface.co/v1/production/uploads/61b253b7ac5ecaae3d1efe0c/hwiQ0uvz3t-L5a-NtBIO6.png', 'fullname': 'Joshua', 'name': 'Xenova', 'type': 'user', 'isPro': False, 'isHf': True, 'isMod': False}",23,False,Xenova/all-distilroberta-v1,NotSupported_PipelineLibraryPairNotSupported,2024-03-15T03:16:50.000Z,0,feature-extraction,False,model,False,,326MB | 163MB | 82.1MB,86088089.6,341835776.0,25,26-07-2024
25,Xenova,"{'avatarUrl': 'https://cdn-avatars.huggingface.co/v1/production/uploads/61b253b7ac5ecaae3d1efe0c/hwiQ0uvz3t-L5a-NtBIO6.png', 'fullname': 'Joshua', 'name': 'Xenova', 'type': 'user', 'isPro': False, 'isHf': True, 'isMod': False}",473,False,Xenova/paraphrase-multilingual-MiniLM-L12-v2,NotSupported_PipelineLibraryPairNotSupported,2024-03-12T01:21:35.000Z,8,feature-extraction,False,model,False,,470MB | 235MB | 118MB,123731968.0,492830720.0,26,26-07-2024
26,Xenova,"{'avatarUrl': 'https://cdn-avatars.huggingface.co/v1/production/uploads/61b253b7ac5ecaae3d1efe0c/hwiQ0uvz3t-L5a-NtBIO6.png', 'fullname': 'Joshua', 'name': 'Xenova', 'type': 'user', 'isPro': False, 'isHf': True, 'isMod': False}",21,False,Xenova/paraphrase-MiniLM-L6-v2,NotSupported_PipelineLibraryPairNotSupported,2024-03-12T01:21:47.000Z,0,feature-extraction,False,model,False,,90.4MB | 45.3MB | 23MB,24117248.0,94791270.4,27,26-07-2024
27,Xenova,"{'avatarUrl': 'https://cdn-avatars.huggingface.co/v1/production/uploads/61b253b7ac5ecaae3d1efe0c/hwiQ0uvz3t-L5a-NtBIO6.png', 'fullname': 'Joshua', 'name': 'Xenova', 'type': 'user', 'isPro': False, 'isHf': True, 'isMod': False}",980,False,Xenova/all-mpnet-base-v2,NotSupported_PipelineLibraryPairNotSupported,2024-03-15T03:17:18.000Z,1,feature-extraction,False,model,False,,436MB | 218MB | 110MB,115343360.0,457179136.0,28,26-07-2024
28,Xenova,"{'avatarUrl': 'https://cdn-avatars.huggingface.co/v1/production/uploads/61b253b7ac5ecaae3d1efe0c/hwiQ0uvz3t-L5a-NtBIO6.png', 'fullname': 'Joshua', 'name': 'Xenova', 'type': 'user', 'isPro': False, 'isHf': True, 'isMod': False}",6,False,Xenova/all-roberta-large-v1,NotSupported_PipelineLibraryPairNotSupported,2024-03-15T03:18:56.000Z,0,feature-extraction,False,model,False,,1.42GB | 709MB | 357MB,374341632.0,1524713390.08,29,26-07-2024
29,Xenova,"{'avatarUrl': 'https://cdn-avatars.huggingface.co/v1/production/uploads/61b253b7ac5ecaae3d1efe0c/hwiQ0uvz3t-L5a-NtBIO6.png', 'fullname': 'Joshua', 'name': 'Xenova', 'type': 'user', 'isPro': False, 'isHf': True, 'isMod': False}",5,False,Xenova/bert-base-nli-mean-tokens,NotSupported_PipelineLibraryPairNotSupported,2024-03-12T01:22:17.000Z,0,feature-extraction,False,model,False,,436MB | 218MB | 110MB,115343360.0,457179136.0,30,26-07-2024
30,Xenova,"{'avatarUrl': 'https://cdn-avatars.huggingface.co/v1/production/uploads/61b253b7ac5ecaae3d1efe0c/hwiQ0uvz3t-L5a-NtBIO6.png', 'fullname': 'Joshua', 'name': 'Xenova', 'type': 'user', 'isPro': False, 'isHf': True, 'isMod': False}",6,False,Xenova/distilbert-base-nli-mean-tokens,NotSupported_PipelineLibraryPairNotSupported,2024-03-21T12:03:34.000Z,0,feature-extraction,False,model,False,,266MB | 133MB | 66.9MB,70149734.4,278921216.0,31,26-07-2024
31,Xenova,"{'avatarUrl': 'https://cdn-avatars.huggingface.co/v1/production/uploads/61b253b7ac5ecaae3d1efe0c/hwiQ0uvz3t-L5a-NtBIO6.png', 'fullname': 'Joshua', 'name': 'Xenova', 'type': 'user', 'isPro': False, 'isHf': True, 'isMod': False}",6,False,Xenova/distilbert-base-nli-stsb-mean-tokens,NotSupported_PipelineLibraryPairNotSupported,2024-03-21T12:03:42.000Z,0,feature-extraction,False,model,False,,266MB | 133MB | 66.9MB,70149734.4,278921216.0,32,26-07-2024
32,Xenova,"{'avatarUrl': 'https://cdn-avatars.huggingface.co/v1/production/uploads/61b253b7ac5ecaae3d1efe0c/hwiQ0uvz3t-L5a-NtBIO6.png', 'fullname': 'Joshua', 'name': 'Xenova', 'type': 'user', 'isPro': False, 'isHf': True, 'isMod': False}",25,False,Xenova/distiluse-base-multilingual-cased-v1,NotSupported_PipelineLibraryPairNotSupported,2024-03-21T12:03:59.000Z,0,feature-extraction,False,model,False,,539MB | 270MB | 135MB,141557760.0,565182464.0,33,26-07-2024
33,Xenova,"{'avatarUrl': 'https://cdn-avatars.huggingface.co/v1/production/uploads/61b253b7ac5ecaae3d1efe0c/hwiQ0uvz3t-L5a-NtBIO6.png', 'fullname': 'Joshua', 'name': 'Xenova', 'type': 'user', 'isPro': False, 'isHf': True, 'isMod': False}",11998,False,Xenova/distiluse-base-multilingual-cased-v2,NotSupported_PipelineLibraryPairNotSupported,2024-03-21T12:04:16.000Z,2,feature-extraction,False,model,False,,539MB | 270MB | 135MB,141557760.0,565182464.0,34,26-07-2024
34,Xenova,"{'avatarUrl': 'https://cdn-avatars.huggingface.co/v1/production/uploads/61b253b7ac5ecaae3d1efe0c/hwiQ0uvz3t-L5a-NtBIO6.png', 'fullname': 'Joshua', 'name': 'Xenova', 'type': 'user', 'isPro': False, 'isHf': True, 'isMod': False}",5,False,Xenova/msmarco-distilbert-base-v4,NotSupported_PipelineLibraryPairNotSupported,2024-03-21T12:04:25.000Z,0,feature-extraction,False,model,False,,266MB | 133MB | 66.9MB,70149734.4,278921216.0,35,26-07-2024
35,Xenova,"{'avatarUrl': 'https://cdn-avatars.huggingface.co/v1/production/uploads/61b253b7ac5ecaae3d1efe0c/hwiQ0uvz3t-L5a-NtBIO6.png', 'fullname': 'Joshua', 'name': 'Xenova', 'type': 'user', 'isPro': False, 'isHf': True, 'isMod': False}",79,False,Xenova/multi-qa-MiniLM-L6-cos-v1,NotSupported_PipelineLibraryPairNotSupported,2024-03-12T01:22:25.000Z,2,feature-extraction,False,model,False,,90.4MB | 45.3MB | 23MB,24117248.0,94791270.4,36,26-07-2024
36,Xenova,"{'avatarUrl': 'https://cdn-avatars.huggingface.co/v1/production/uploads/61b253b7ac5ecaae3d1efe0c/hwiQ0uvz3t-L5a-NtBIO6.png', 'fullname': 'Joshua', 'name': 'Xenova', 'type': 'user', 'isPro': False, 'isHf': True, 'isMod': False}",11,False,Xenova/multi-qa-distilbert-cos-v1,NotSupported_PipelineLibraryPairNotSupported,2024-03-15T03:19:15.000Z,0,feature-extraction,False,model,False,,266MB | 133MB | 66.9MB,70149734.4,278921216.0,37,26-07-2024
37,Xenova,"{'avatarUrl': 'https://cdn-avatars.huggingface.co/v1/production/uploads/61b253b7ac5ecaae3d1efe0c/hwiQ0uvz3t-L5a-NtBIO6.png', 'fullname': 'Joshua', 'name': 'Xenova', 'type': 'user', 'isPro': False, 'isHf': True, 'isMod': False}",12,False,Xenova/multi-qa-mpnet-base-cos-v1,NotSupported_PipelineLibraryPairNotSupported,2024-03-15T03:19:47.000Z,0,feature-extraction,False,model,False,,436MB | 218MB | 110MB,115343360.0,457179136.0,38,26-07-2024
38,Xenova,"{'avatarUrl': 'https://cdn-avatars.huggingface.co/v1/production/uploads/61b253b7ac5ecaae3d1efe0c/hwiQ0uvz3t-L5a-NtBIO6.png', 'fullname': 'Joshua', 'name': 'Xenova', 'type': 'user', 'isPro': False, 'isHf': True, 'isMod': False}",116,False,Xenova/multi-qa-mpnet-base-dot-v1,NotSupported_PipelineLibraryPairNotSupported,2024-03-15T03:20:16.000Z,1,feature-extraction,False,model,False,,436MB | 218MB | 110MB,115343360.0,457179136.0,39,26-07-2024
39,Xenova,"{'avatarUrl': 'https://cdn-avatars.huggingface.co/v1/production/uploads/61b253b7ac5ecaae3d1efe0c/hwiQ0uvz3t-L5a-NtBIO6.png', 'fullname': 'Joshua', 'name': 'Xenova', 'type': 'user', 'isPro': False, 'isHf': True, 'isMod': False}",5,False,Xenova/nli-mpnet-base-v2,NotSupported_PipelineLibraryPairNotSupported,2024-03-21T12:04:38.000Z,0,feature-extraction,False,model,False,,436MB | 218MB | 110MB,115343360.0,457179136.0,40,26-07-2024
40,Xenova,"{'avatarUrl': 'https://cdn-avatars.huggingface.co/v1/production/uploads/61b253b7ac5ecaae3d1efe0c/hwiQ0uvz3t-L5a-NtBIO6.png', 'fullname': 'Joshua', 'name': 'Xenova', 'type': 'user', 'isPro': False, 'isHf': True, 'isMod': False}",57,False,Xenova/paraphrase-MiniLM-L3-v2,NotSupported_PipelineLibraryPairNotSupported,2024-03-12T01:22:32.000Z,0,feature-extraction,False,model,False,,69MB | 34.6MB | 17.5MB,18350080.0,72351744.0,41,26-07-2024
41,Xenova,"{'avatarUrl': 'https://cdn-avatars.huggingface.co/v1/production/uploads/61b253b7ac5ecaae3d1efe0c/hwiQ0uvz3t-L5a-NtBIO6.png', 'fullname': 'Joshua', 'name': 'Xenova', 'type': 'user', 'isPro': False, 'isHf': True, 'isMod': False}",4,False,Xenova/paraphrase-mpnet-base-v2,NotSupported_PipelineLibraryPairNotSupported,2024-03-21T12:04:52.000Z,0,feature-extraction,False,model,False,,436MB | 218MB | 110MB,115343360.0,457179136.0,42,26-07-2024
42,Xenova,"{'avatarUrl': 'https://cdn-avatars.huggingface.co/v1/production/uploads/61b253b7ac5ecaae3d1efe0c/hwiQ0uvz3t-L5a-NtBIO6.png', 'fullname': 'Joshua', 'name': 'Xenova', 'type': 'user', 'isPro': False, 'isHf': True, 'isMod': False}",2355,False,Xenova/paraphrase-multilingual-mpnet-base-v2,NotSupported_PipelineLibraryPairNotSupported,2024-03-21T12:05:28.000Z,2,feature-extraction,False,model,False,,1.11GB | 555MB | 279MB,292552704.0,1191853424.64,43,26-07-2024
43,Xenova,"{'avatarUrl': 'https://cdn-avatars.huggingface.co/v1/production/uploads/61b253b7ac5ecaae3d1efe0c/hwiQ0uvz3t-L5a-NtBIO6.png', 'fullname': 'Joshua', 'name': 'Xenova', 'type': 'user', 'isPro': False, 'isHf': True, 'isMod': False}",4,False,Xenova/xlm-r-100langs-bert-base-nli-stsb-mean-tokens,NotSupported_PipelineLibraryPairNotSupported,2024-03-21T12:06:02.000Z,0,feature-extraction,False,model,False,,1.11GB | 555MB | 279MB,292552704.0,1191853424.64,44,26-07-2024
44,Xenova,"{'avatarUrl': 'https://cdn-avatars.huggingface.co/v1/production/uploads/61b253b7ac5ecaae3d1efe0c/hwiQ0uvz3t-L5a-NtBIO6.png', 'fullname': 'Joshua', 'name': 'Xenova', 'type': 'user', 'isPro': False, 'isHf': True, 'isMod': False}",199,False,Xenova/all-MiniLM-L12-v2,NotSupported_PipelineLibraryPairNotSupported,2024-03-12T01:22:43.000Z,3,feature-extraction,False,model,False,,133MB | 66.7MB | 34MB,35651584.0,139460608.0,45,26-07-2024
45,Xenova,"{'avatarUrl': 'https://cdn-avatars.huggingface.co/v1/production/uploads/61b253b7ac5ecaae3d1efe0c/hwiQ0uvz3t-L5a-NtBIO6.png', 'fullname': 'Joshua', 'name': 'Xenova', 'type': 'user', 'isPro': False, 'isHf': True, 'isMod': False}",4,False,Xenova/scibert_scivocab_uncased,NotSupported_PipelineLibraryPairNotSupported,2024-03-12T01:23:14.000Z,0,feature-extraction,False,model,False,,438MB | 219MB | 111MB,116391936.0,459276288.0,46,26-07-2024
46,Xenova,"{'avatarUrl': 'https://cdn-avatars.huggingface.co/v1/production/uploads/61b253b7ac5ecaae3d1efe0c/hwiQ0uvz3t-L5a-NtBIO6.png', 'fullname': 'Joshua', 'name': 'Xenova', 'type': 'user', 'isPro': False, 'isHf': True, 'isMod': False}",5,False,Xenova/spanbert-large-cased,NotSupported_PipelineLibraryPairNotSupported,2024-03-12T01:25:46.000Z,0,feature-extraction,False,model,False,,1.33GB | 666MB | 335MB,351272960.0,1428076625.92,47,26-07-2024
47,Xenova,"{'avatarUrl': 'https://cdn-avatars.huggingface.co/v1/production/uploads/61b253b7ac5ecaae3d1efe0c/hwiQ0uvz3t-L5a-NtBIO6.png', 'fullname': 'Joshua', 'name': 'Xenova', 'type': 'user', 'isPro': False, 'isHf': True, 'isMod': False}",7,False,Xenova/spanbert-base-cased,NotSupported_PipelineLibraryPairNotSupported,2024-03-12T01:26:18.000Z,0,feature-extraction,False,model,False,,431MB | 216MB | 109MB,114294784.0,451936256.0,48,26-07-2024
48,sdan,"{'avatarUrl': '/avatars/d0eaf646e2d69def5ce1a549fbccf8c0.svg', 'fullname': 'sdan', 'name': 'sdan', 'type': 'user', 'isPro': False, 'isHf': False, 'isMod': False}",6,False,sdan/simple-embeddings,NotSupported_PipelineLibraryPairNotSupported,2023-06-14T23:42:54.000Z,0,feature-extraction,False,model,False,,90.4MB | 23MB,24117248.0,94791270.4,49,26-07-2024
49,Xenova,"{'avatarUrl': 'https://cdn-avatars.huggingface.co/v1/production/uploads/61b253b7ac5ecaae3d1efe0c/hwiQ0uvz3t-L5a-NtBIO6.png', 'fullname': 'Joshua', 'name': 'Xenova', 'type': 'user', 'isPro': False, 'isHf': True, 'isMod': False}",7,False,Xenova/sentence_bert,NotSupported_PipelineLibraryPairNotSupported,2024-03-12T01:26:51.000Z,0,feature-extraction,False,model,False,,436MB | 218MB | 110MB,115343360.0,457179136.0,50,26-07-2024
50,Xenova,"{'avatarUrl': 'https://cdn-avatars.huggingface.co/v1/production/uploads/61b253b7ac5ecaae3d1efe0c/hwiQ0uvz3t-L5a-NtBIO6.png', 'fullname': 'Joshua', 'name': 'Xenova', 'type': 'user', 'isPro': False, 'isHf': True, 'isMod': False}",30,False,Xenova/e5-small-v2,NotSupported_PipelineLibraryPairNotSupported,2024-03-12T01:27:02.000Z,3,feature-extraction,False,model,False,,133MB | 66.7MB | 34MB,35651584.0,139460608.0,51,26-07-2024
51,Xenova,"{'avatarUrl': 'https://cdn-avatars.huggingface.co/v1/production/uploads/61b253b7ac5ecaae3d1efe0c/hwiQ0uvz3t-L5a-NtBIO6.png', 'fullname': 'Joshua', 'name': 'Xenova', 'type': 'user', 'isPro': False, 'isHf': True, 'isMod': False}",7,False,Xenova/SapBERT-from-PubMedBERT-fulltext,NotSupported_PipelineLibraryPairNotSupported,2024-03-12T01:27:31.000Z,0,feature-extraction,False,model,False,,436MB | 218MB | 110MB,115343360.0,457179136.0,52,26-07-2024
52,Xenova,"{'avatarUrl': 'https://cdn-avatars.huggingface.co/v1/production/uploads/61b253b7ac5ecaae3d1efe0c/hwiQ0uvz3t-L5a-NtBIO6.png', 'fullname': 'Joshua', 'name': 'Xenova', 'type': 'user', 'isPro': False, 'isHf': True, 'isMod': False}",43,False,Xenova/indobert-base-p1,NotSupported_PipelineLibraryPairNotSupported,2024-03-12T01:28:05.000Z,0,feature-extraction,False,model,False,,496MB | 248MB | 125MB,131072000.0,520093696.0,53,26-07-2024
53,Xenova,"{'avatarUrl': 'https://cdn-avatars.huggingface.co/v1/production/uploads/61b253b7ac5ecaae3d1efe0c/hwiQ0uvz3t-L5a-NtBIO6.png', 'fullname': 'Joshua', 'name': 'Xenova', 'type': 'user', 'isPro': False, 'isHf': True, 'isMod': False}",7,False,Xenova/UMLSBert_ENG,NotSupported_PipelineLibraryPairNotSupported,2024-03-12T01:28:40.000Z,1,feature-extraction,False,model,False,,436MB | 218MB | 110MB,115343360.0,457179136.0,54,26-07-2024
54,Xenova,"{'avatarUrl': 'https://cdn-avatars.huggingface.co/v1/production/uploads/61b253b7ac5ecaae3d1efe0c/hwiQ0uvz3t-L5a-NtBIO6.png', 'fullname': 'Joshua', 'name': 'Xenova', 'type': 'user', 'isPro': False, 'isHf': True, 'isMod': False}",6,False,Xenova/rubert-base-cased,NotSupported_PipelineLibraryPairNotSupported,2024-03-12T01:29:28.000Z,0,feature-extraction,False,model,False,,709MB | 355MB | 178MB,186646528.0,743440384.0,55,26-07-2024
55,Xenova,"{'avatarUrl': 'https://cdn-avatars.huggingface.co/v1/production/uploads/61b253b7ac5ecaae3d1efe0c/hwiQ0uvz3t-L5a-NtBIO6.png', 'fullname': 'Joshua', 'name': 'Xenova', 'type': 'user', 'isPro': False, 'isHf': True, 'isMod': False}",5,False,Xenova/kobert,NotSupported_PipelineLibraryPairNotSupported,2024-03-12T01:29:53.000Z,0,feature-extraction,False,model,False,,367MB | 184MB | 92.8MB,97307852.8,384827392.0,56,26-07-2024
56,Xenova,"{'avatarUrl': 'https://cdn-avatars.huggingface.co/v1/production/uploads/61b253b7ac5ecaae3d1efe0c/hwiQ0uvz3t-L5a-NtBIO6.png', 'fullname': 'Joshua', 'name': 'Xenova', 'type': 'user', 'isPro': False, 'isHf': True, 'isMod': False}",33,False,Xenova/e5-small,NotSupported_PipelineLibraryPairNotSupported,2024-03-12T01:30:04.000Z,0,feature-extraction,False,model,False,,133MB | 66.7MB | 34MB,35651584.0,139460608.0,57,26-07-2024
57,Xenova,"{'avatarUrl': 'https://cdn-avatars.huggingface.co/v1/production/uploads/61b253b7ac5ecaae3d1efe0c/hwiQ0uvz3t-L5a-NtBIO6.png', 'fullname': 'Joshua', 'name': 'Xenova', 'type': 'user', 'isPro': False, 'isHf': True, 'isMod': False}",10,False,Xenova/e5-large,NotSupported_PipelineLibraryPairNotSupported,2024-03-12T01:31:36.000Z,0,feature-extraction,False,model,False,,1.34GB | 669MB | 337MB,353370112.0,1438814044.16,58,26-07-2024
58,Xenova,"{'avatarUrl': 'https://cdn-avatars.huggingface.co/v1/production/uploads/61b253b7ac5ecaae3d1efe0c/hwiQ0uvz3t-L5a-NtBIO6.png', 'fullname': 'Joshua', 'name': 'Xenova', 'type': 'user', 'isPro': False, 'isHf': True, 'isMod': False}",446,False,Xenova/e5-large-v2,NotSupported_PipelineLibraryPairNotSupported,2024-03-12T01:33:04.000Z,5,feature-extraction,False,model,False,,1.34GB | 669MB | 337MB,353370112.0,1438814044.16,59,26-07-2024
59,Xenova,"{'avatarUrl': 'https://cdn-avatars.huggingface.co/v1/production/uploads/61b253b7ac5ecaae3d1efe0c/hwiQ0uvz3t-L5a-NtBIO6.png', 'fullname': 'Joshua', 'name': 'Xenova', 'type': 'user', 'isPro': False, 'isHf': True, 'isMod': False}",5,False,Xenova/e5-base,NotSupported_PipelineLibraryPairNotSupported,2024-03-12T01:33:34.000Z,0,feature-extraction,False,model,False,,436MB | 218MB | 110MB,115343360.0,457179136.0,60,26-07-2024
60,Xenova,"{'avatarUrl': 'https://cdn-avatars.huggingface.co/v1/production/uploads/61b253b7ac5ecaae3d1efe0c/hwiQ0uvz3t-L5a-NtBIO6.png', 'fullname': 'Joshua', 'name': 'Xenova', 'type': 'user', 'isPro': False, 'isHf': True, 'isMod': False}",5,False,Xenova/e5-base-v2,NotSupported_PipelineLibraryPairNotSupported,2024-03-12T01:34:04.000Z,0,feature-extraction,False,model,False,,436MB | 218MB | 110MB,115343360.0,457179136.0,61,26-07-2024
61,Xenova,"{'avatarUrl': 'https://cdn-avatars.huggingface.co/v1/production/uploads/61b253b7ac5ecaae3d1efe0c/hwiQ0uvz3t-L5a-NtBIO6.png', 'fullname': 'Joshua', 'name': 'Xenova', 'type': 'user', 'isPro': False, 'isHf': True, 'isMod': False}",24,False,Xenova/multilingual-e5-base,NotSupported_PipelineLibraryPairNotSupported,2024-03-21T12:06:38.000Z,2,feature-extraction,False,model,False,,1.11GB | 555MB | 279MB,292552704.0,1191853424.64,62,26-07-2024
62,Xenova,"{'avatarUrl': 'https://cdn-avatars.huggingface.co/v1/production/uploads/61b253b7ac5ecaae3d1efe0c/hwiQ0uvz3t-L5a-NtBIO6.png', 'fullname': 'Joshua', 'name': 'Xenova', 'type': 'user', 'isPro': False, 'isHf': True, 'isMod': False}",15,False,Xenova/instructor-base,NotSupported_PipelineLibraryPairNotSupported,2023-09-08T01:12:15.000Z,0,feature-extraction,False,model,False,,552MB | 552MB | 140MB | 139MB | 495MB | 125MB | 439MB | 110MB,115343360.0,578813952.0,63,26-07-2024
63,Xenova,"{'avatarUrl': 'https://cdn-avatars.huggingface.co/v1/production/uploads/61b253b7ac5ecaae3d1efe0c/hwiQ0uvz3t-L5a-NtBIO6.png', 'fullname': 'Joshua', 'name': 'Xenova', 'type': 'user', 'isPro': False, 'isHf': True, 'isMod': False}",11,False,Xenova/instructor-large,NotSupported_PipelineLibraryPairNotSupported,2023-09-08T01:14:24.000Z,1,feature-extraction,False,model,False,,1.74GB | 1.74GB | 439MB | 438MB | 1.54GB | 388MB | 1.34GB | 337MB,353370112.0,1868310773.76,64,26-07-2024
64,Xenova,"{'avatarUrl': 'https://cdn-avatars.huggingface.co/v1/production/uploads/61b253b7ac5ecaae3d1efe0c/hwiQ0uvz3t-L5a-NtBIO6.png', 'fullname': 'Joshua', 'name': 'Xenova', 'type': 'user', 'isPro': False, 'isHf': True, 'isMod': False}",10,False,Xenova/sentence-t5-large,NotSupported_PipelineLibraryPairNotSupported,2023-09-08T01:13:29.000Z,0,feature-extraction,False,model,False,,1.74GB | 1.74GB | 439MB | 438MB | 1.54GB | 388MB | 1.34GB | 337MB,353370112.0,1868310773.76,65,26-07-2024
65,Xenova,"{'avatarUrl': 'https://cdn-avatars.huggingface.co/v1/production/uploads/61b253b7ac5ecaae3d1efe0c/hwiQ0uvz3t-L5a-NtBIO6.png', 'fullname': 'Joshua', 'name': 'Xenova', 'type': 'user', 'isPro': False, 'isHf': True, 'isMod': False}",143,False,Xenova/multilingual-e5-small,NotSupported_PipelineLibraryPairNotSupported,2024-03-12T01:34:41.000Z,2,feature-extraction,False,model,False,,470MB | 235MB | 118MB,123731968.0,492830720.0,66,26-07-2024
66,Xenova,"{'avatarUrl': 'https://cdn-avatars.huggingface.co/v1/production/uploads/61b253b7ac5ecaae3d1efe0c/hwiQ0uvz3t-L5a-NtBIO6.png', 'fullname': 'Joshua', 'name': 'Xenova', 'type': 'user', 'isPro': False, 'isHf': True, 'isMod': False}",107,False,Xenova/multilingual-e5-large,NotSupported_PipelineLibraryPairNotSupported,2024-03-21T12:07:40.000Z,7,feature-extraction,False,model,False,,546kB | 1.12GB | 562MB,559104.0,1202590842.88,67,26-07-2024
67,Xenova,"{'avatarUrl': 'https://cdn-avatars.huggingface.co/v1/production/uploads/61b253b7ac5ecaae3d1efe0c/hwiQ0uvz3t-L5a-NtBIO6.png', 'fullname': 'Joshua', 'name': 'Xenova', 'type': 'user', 'isPro': False, 'isHf': True, 'isMod': False}",11,False,Xenova/mms-300m,NotSupported_PipelineLibraryPairNotSupported,2024-03-21T12:08:21.000Z,0,feature-extraction,False,model,False,,1.26GB | 632MB | 318MB,333447168.0,1352914698.24,68,26-07-2024
68,Xenova,"{'avatarUrl': 'https://cdn-avatars.huggingface.co/v1/production/uploads/61b253b7ac5ecaae3d1efe0c/hwiQ0uvz3t-L5a-NtBIO6.png', 'fullname': 'Joshua', 'name': 'Xenova', 'type': 'user', 'isPro': False, 'isHf': True, 'isMod': False}",6,False,Xenova/mms-1b,NotSupported_PipelineLibraryPairNotSupported,2024-03-21T12:10:25.000Z,0,feature-extraction,False,model,False,,1.13MB | 1.93GB | 969MB,1184890.88,2072321720.32,69,26-07-2024
69,Supabase,"{'avatarUrl': 'https://cdn-avatars.huggingface.co/v1/production/uploads/63267719ff539edeea96336a/I4961jNG67wvlqZP1swzQ.png', 'fullname': 'Supabase', 'name': 'Supabase', 'type': 'org', 'isHf': False, 'isMod': False, 'isEnterprise': False}",6,False,Supabase/e5-small-v2,NotSupported_PipelineLibraryPairNotSupported,2024-03-18T18:03:35.000Z,1,feature-extraction,False,model,False,,133MB | 66.7MB | 34MB,35651584.0,139460608.0,70,26-07-2024
70,Supabase,"{'avatarUrl': 'https://cdn-avatars.huggingface.co/v1/production/uploads/63267719ff539edeea96336a/I4961jNG67wvlqZP1swzQ.png', 'fullname': 'Supabase', 'name': 'Supabase', 'type': 'org', 'isHf': False, 'isMod': False, 'isEnterprise': False}",961,False,Supabase/all-MiniLM-L6-v2,NotSupported_PipelineLibraryPairNotSupported,2024-03-18T18:04:18.000Z,3,feature-extraction,False,model,False,,90.4MB | 45.3MB | 23MB,24117248.0,94791270.4,71,26-07-2024
71,Xenova,"{'avatarUrl': 'https://cdn-avatars.huggingface.co/v1/production/uploads/61b253b7ac5ecaae3d1efe0c/hwiQ0uvz3t-L5a-NtBIO6.png', 'fullname': 'Joshua', 'name': 'Xenova', 'type': 'user', 'isPro': False, 'isHf': True, 'isMod': False}",1349,False,Xenova/gte-small,NotSupported_PipelineLibraryPairNotSupported,2024-03-12T00:54:08.000Z,13,feature-extraction,False,model,False,,133MB | 66.7MB | 34MB,35651584.0,139460608.0,72,26-07-2024
72,Xenova,"{'avatarUrl': 'https://cdn-avatars.huggingface.co/v1/production/uploads/61b253b7ac5ecaae3d1efe0c/hwiQ0uvz3t-L5a-NtBIO6.png', 'fullname': 'Joshua', 'name': 'Xenova', 'type': 'user', 'isPro': False, 'isHf': True, 'isMod': False}",30,False,Xenova/gte-base,NotSupported_PipelineLibraryPairNotSupported,2024-03-12T01:35:12.000Z,0,feature-extraction,False,model,False,,436MB | 218MB | 110MB,115343360.0,457179136.0,73,26-07-2024
73,Xenova,"{'avatarUrl': 'https://cdn-avatars.huggingface.co/v1/production/uploads/61b253b7ac5ecaae3d1efe0c/hwiQ0uvz3t-L5a-NtBIO6.png', 'fullname': 'Joshua', 'name': 'Xenova', 'type': 'user', 'isPro': False, 'isHf': True, 'isMod': False}",30,False,Xenova/gte-large,NotSupported_PipelineLibraryPairNotSupported,2024-03-12T01:36:55.000Z,1,feature-extraction,False,model,False,,1.34GB | 669MB | 337MB,353370112.0,1438814044.16,74,26-07-2024
74,Xenova,"{'avatarUrl': 'https://cdn-avatars.huggingface.co/v1/production/uploads/61b253b7ac5ecaae3d1efe0c/hwiQ0uvz3t-L5a-NtBIO6.png', 'fullname': 'Joshua', 'name': 'Xenova', 'type': 'user', 'isPro': False, 'isHf': True, 'isMod': False}",63,False,Xenova/bge-small-en,NotSupported_PipelineLibraryPairNotSupported,2024-03-12T01:37:08.000Z,0,feature-extraction,False,model,False,,133MB | 66.7MB | 34MB,35651584.0,139460608.0,75,26-07-2024
75,Xenova,"{'avatarUrl': 'https://cdn-avatars.huggingface.co/v1/production/uploads/61b253b7ac5ecaae3d1efe0c/hwiQ0uvz3t-L5a-NtBIO6.png', 'fullname': 'Joshua', 'name': 'Xenova', 'type': 'user', 'isPro': False, 'isHf': True, 'isMod': False}",5,False,Xenova/bge-base-en,NotSupported_PipelineLibraryPairNotSupported,2024-03-12T01:37:37.000Z,0,feature-extraction,False,model,False,,436MB | 218MB | 110MB,115343360.0,457179136.0,76,26-07-2024
76,Xenova,"{'avatarUrl': 'https://cdn-avatars.huggingface.co/v1/production/uploads/61b253b7ac5ecaae3d1efe0c/hwiQ0uvz3t-L5a-NtBIO6.png', 'fullname': 'Joshua', 'name': 'Xenova', 'type': 'user', 'isPro': False, 'isHf': True, 'isMod': False}",7,False,Xenova/bge-large-en,NotSupported_PipelineLibraryPairNotSupported,2024-03-12T01:39:10.000Z,0,feature-extraction,False,model,False,,1.34GB | 669MB | 337MB,353370112.0,1438814044.16,77,26-07-2024
77,ggrn,"{'avatarUrl': 'https://cdn-avatars.huggingface.co/v1/production/uploads/63267719ff539edeea96336a/ASNS3IY6apkwOG3k5ev1I.png', 'fullname': 'Greg Richardson', 'name': 'ggrn', 'type': 'user', 'isPro': False, 'isHf': False, 'isMod': False}",4,False,ggrn/bge-small-en,NotSupported_PipelineLibraryPairNotSupported,2024-04-26T16:38:15.000Z,1,feature-extraction,False,model,False,,133MB | 66.7MB | 34MB,35651584.0,139460608.0,78,26-07-2024
78,Supabase,"{'avatarUrl': 'https://cdn-avatars.huggingface.co/v1/production/uploads/63267719ff539edeea96336a/I4961jNG67wvlqZP1swzQ.png', 'fullname': 'Supabase', 'name': 'Supabase', 'type': 'org', 'isHf': False, 'isMod': False, 'isEnterprise': False}",20,False,Supabase/bge-small-en,NotSupported_PipelineLibraryPairNotSupported,2024-03-18T18:03:59.000Z,1,feature-extraction,False,model,False,,133MB | 66.7MB | 34MB,35651584.0,139460608.0,79,26-07-2024
79,Xenova,"{'avatarUrl': 'https://cdn-avatars.huggingface.co/v1/production/uploads/61b253b7ac5ecaae3d1efe0c/hwiQ0uvz3t-L5a-NtBIO6.png', 'fullname': 'Joshua', 'name': 'Xenova', 'type': 'user', 'isPro': False, 'isHf': True, 'isMod': False}",3,False,Xenova/bge-base-zh,NotSupported_PipelineLibraryPairNotSupported,2024-03-12T01:40:46.000Z,0,feature-extraction,False,model,False,,407MB | 204MB | 103MB,108003328.0,426770432.0,80,26-07-2024
80,Xenova,"{'avatarUrl': 'https://cdn-avatars.huggingface.co/v1/production/uploads/61b253b7ac5ecaae3d1efe0c/hwiQ0uvz3t-L5a-NtBIO6.png', 'fullname': 'Joshua', 'name': 'Xenova', 'type': 'user', 'isPro': False, 'isHf': True, 'isMod': False}",2,False,Xenova/bge-large-zh,NotSupported_PipelineLibraryPairNotSupported,2024-03-12T01:42:17.000Z,0,feature-extraction,False,model,False,,1.3GB | 650MB | 327MB,342884352.0,1395864371.2,81,26-07-2024
81,Xenova,"{'avatarUrl': 'https://cdn-avatars.huggingface.co/v1/production/uploads/61b253b7ac5ecaae3d1efe0c/hwiQ0uvz3t-L5a-NtBIO6.png', 'fullname': 'Joshua', 'name': 'Xenova', 'type': 'user', 'isPro': False, 'isHf': True, 'isMod': False}",4,False,Xenova/bge-large-zh-noinstruct,NotSupported_PipelineLibraryPairNotSupported,2024-03-12T01:43:43.000Z,0,feature-extraction,False,model,False,,1.3GB | 650MB | 327MB,342884352.0,1395864371.2,82,26-07-2024
82,Xenova,"{'avatarUrl': 'https://cdn-avatars.huggingface.co/v1/production/uploads/61b253b7ac5ecaae3d1efe0c/hwiQ0uvz3t-L5a-NtBIO6.png', 'fullname': 'Joshua', 'name': 'Xenova', 'type': 'user', 'isPro': False, 'isHf': True, 'isMod': False}",6,False,Xenova/bge-small-zh,NotSupported_PipelineLibraryPairNotSupported,2024-03-12T01:44:55.000Z,1,feature-extraction,False,model,False,,94.9MB | 47.5MB | 24MB,25165824.0,99509862.4,83,26-07-2024
83,Xenova,"{'avatarUrl': 'https://cdn-avatars.huggingface.co/v1/production/uploads/61b253b7ac5ecaae3d1efe0c/hwiQ0uvz3t-L5a-NtBIO6.png', 'fullname': 'Joshua', 'name': 'Xenova', 'type': 'user', 'isPro': False, 'isHf': True, 'isMod': False}",5,False,Xenova/ClinicalBERT,NotSupported_PipelineLibraryPairNotSupported,2024-03-15T03:21:24.000Z,0,feature-extraction,False,model,False,,909MB | 455MB | 229MB,240123904.0,953155584.0,84,26-07-2024
84,Xenova,"{'avatarUrl': 'https://cdn-avatars.huggingface.co/v1/production/uploads/61b253b7ac5ecaae3d1efe0c/hwiQ0uvz3t-L5a-NtBIO6.png', 'fullname': 'Joshua', 'name': 'Xenova', 'type': 'user', 'isPro': False, 'isHf': True, 'isMod': False}",9,False,Xenova/LaBSE,NotSupported_PipelineLibraryPairNotSupported,2024-03-12T01:47:17.000Z,0,feature-extraction,False,model,False,,1.88GB | 941MB | 472MB,494927872.0,2018634629.12,85,26-07-2024
85,Xenova,"{'avatarUrl': 'https://cdn-avatars.huggingface.co/v1/production/uploads/61b253b7ac5ecaae3d1efe0c/hwiQ0uvz3t-L5a-NtBIO6.png', 'fullname': 'Joshua', 'name': 'Xenova', 'type': 'user', 'isPro': False, 'isHf': True, 'isMod': False}",6,False,Xenova/wavlm-base,NotSupported_PipelineLibraryPairNotSupported,2024-03-21T12:10:39.000Z,0,feature-extraction,False,model,False,,378MB | 189MB | 95.4MB,100034150.4,396361728.0,86,26-07-2024
86,Xenova,"{'avatarUrl': 'https://cdn-avatars.huggingface.co/v1/production/uploads/61b253b7ac5ecaae3d1efe0c/hwiQ0uvz3t-L5a-NtBIO6.png', 'fullname': 'Joshua', 'name': 'Xenova', 'type': 'user', 'isPro': False, 'isHf': True, 'isMod': False}",7,False,Xenova/wavlm-base-plus,NotSupported_PipelineLibraryPairNotSupported,2024-03-21T12:10:51.000Z,0,feature-extraction,False,model,False,,378MB | 189MB | 95.4MB,100034150.4,396361728.0,87,26-07-2024
87,Xenova,"{'avatarUrl': 'https://cdn-avatars.huggingface.co/v1/production/uploads/61b253b7ac5ecaae3d1efe0c/hwiQ0uvz3t-L5a-NtBIO6.png', 'fullname': 'Joshua', 'name': 'Xenova', 'type': 'user', 'isPro': False, 'isHf': True, 'isMod': False}",10,False,Xenova/wavlm-large,NotSupported_PipelineLibraryPairNotSupported,2024-03-21T12:11:38.000Z,1,feature-extraction,False,model,False,,1.26GB | 632MB | 318MB,333447168.0,1352914698.24,88,26-07-2024
88,Xenova,"{'avatarUrl': 'https://cdn-avatars.huggingface.co/v1/production/uploads/61b253b7ac5ecaae3d1efe0c/hwiQ0uvz3t-L5a-NtBIO6.png', 'fullname': 'Joshua', 'name': 'Xenova', 'type': 'user', 'isPro': False, 'isHf': True, 'isMod': False}",14,False,Xenova/sentence-camembert-large,NotSupported_PipelineLibraryPairNotSupported,2024-03-21T12:12:16.000Z,0,feature-extraction,False,model,False,,1.34GB | 672MB | 339MB,355467264.0,1438814044.16,89,26-07-2024
89,Xenova,"{'avatarUrl': 'https://cdn-avatars.huggingface.co/v1/production/uploads/61b253b7ac5ecaae3d1efe0c/hwiQ0uvz3t-L5a-NtBIO6.png', 'fullname': 'Joshua', 'name': 'Xenova', 'type': 'user', 'isPro': False, 'isHf': True, 'isMod': False}",5,False,Xenova/herbert-base-cased,NotSupported_PipelineLibraryPairNotSupported,2024-03-12T01:47:50.000Z,0,feature-extraction,False,model,False,,496MB | 248MB | 125MB,131072000.0,520093696.0,90,26-07-2024
90,Xenova,"{'avatarUrl': 'https://cdn-avatars.huggingface.co/v1/production/uploads/61b253b7ac5ecaae3d1efe0c/hwiQ0uvz3t-L5a-NtBIO6.png', 'fullname': 'Joshua', 'name': 'Xenova', 'type': 'user', 'isPro': False, 'isHf': True, 'isMod': False}",5,False,Xenova/herbert-large-cased,NotSupported_PipelineLibraryPairNotSupported,2024-03-12T01:49:27.000Z,0,feature-extraction,False,model,False,,1.42GB | 709MB | 357MB,374341632.0,1524713390.08,91,26-07-2024
91,Xenova,"{'avatarUrl': 'https://cdn-avatars.huggingface.co/v1/production/uploads/61b253b7ac5ecaae3d1efe0c/hwiQ0uvz3t-L5a-NtBIO6.png', 'fullname': 'Joshua', 'name': 'Xenova', 'type': 'user', 'isPro': False, 'isHf': True, 'isMod': False}",3487,False,Xenova/bge-large-en-v1.5,NotSupported_PipelineLibraryPairNotSupported,2024-03-12T01:50:51.000Z,4,feature-extraction,False,model,False,,1.34GB | 669MB | 337MB,353370112.0,1438814044.16,92,26-07-2024
92,Xenova,"{'avatarUrl': 'https://cdn-avatars.huggingface.co/v1/production/uploads/61b253b7ac5ecaae3d1efe0c/hwiQ0uvz3t-L5a-NtBIO6.png', 'fullname': 'Joshua', 'name': 'Xenova', 'type': 'user', 'isPro': False, 'isHf': True, 'isMod': False}",272959,False,Xenova/bge-base-en-v1.5,NotSupported_PipelineLibraryPairNotSupported,2024-07-15T10:15:23.000Z,6,feature-extraction,False,model,False,,436MB | 218MB | 110MB,115343360.0,457179136.0,93,26-07-2024
93,Xenova,"{'avatarUrl': 'https://cdn-avatars.huggingface.co/v1/production/uploads/61b253b7ac5ecaae3d1efe0c/hwiQ0uvz3t-L5a-NtBIO6.png', 'fullname': 'Joshua', 'name': 'Xenova', 'type': 'user', 'isPro': False, 'isHf': True, 'isMod': False}",11,False,Xenova/bge-large-zh-v1.5,NotSupported_PipelineLibraryPairNotSupported,2024-03-12T01:53:05.000Z,3,feature-extraction,False,model,False,,1.3GB | 650MB | 327MB,342884352.0,1395864371.2,94,26-07-2024
94,Xenova,"{'avatarUrl': 'https://cdn-avatars.huggingface.co/v1/production/uploads/61b253b7ac5ecaae3d1efe0c/hwiQ0uvz3t-L5a-NtBIO6.png', 'fullname': 'Joshua', 'name': 'Xenova', 'type': 'user', 'isPro': False, 'isHf': True, 'isMod': False}",12,False,Xenova/bge-base-zh-v1.5,NotSupported_PipelineLibraryPairNotSupported,2024-03-12T01:53:28.000Z,1,feature-extraction,False,model,False,,407MB | 204MB | 103MB,108003328.0,426770432.0,95,26-07-2024
95,Xenova,"{'avatarUrl': 'https://cdn-avatars.huggingface.co/v1/production/uploads/61b253b7ac5ecaae3d1efe0c/hwiQ0uvz3t-L5a-NtBIO6.png', 'fullname': 'Joshua', 'name': 'Xenova', 'type': 'user', 'isPro': False, 'isHf': True, 'isMod': False}",135,False,Xenova/bge-small-zh-v1.5,NotSupported_PipelineLibraryPairNotSupported,2024-03-12T01:53:37.000Z,1,feature-extraction,False,model,False,,94.9MB | 47.5MB | 24MB,25165824.0,99509862.4,96,26-07-2024
96,leolee9086,"{'avatarUrl': '/avatars/17824253cbfc896d18ec000218de9a22.svg', 'fullname': 'liyuzhang', 'name': 'leolee9086', 'type': 'user', 'isPro': False, 'isHf': False, 'isMod': False}",166,False,leolee9086/text2vec-base-chinese,NotSupported_PipelineLibraryPairNotSupported,2023-09-19T17:29:13.000Z,0,feature-extraction,False,model,False,,103MB,108003328.0,108003328.0,97,26-07-2024
97,Xenova,"{'avatarUrl': 'https://cdn-avatars.huggingface.co/v1/production/uploads/61b253b7ac5ecaae3d1efe0c/hwiQ0uvz3t-L5a-NtBIO6.png', 'fullname': 'Joshua', 'name': 'Xenova', 'type': 'user', 'isPro': False, 'isHf': True, 'isMod': False}",1,False,Xenova/long-t5-encodec-tglobal-base,NotSupported_PipelineLibraryPairNotSupported,2024-03-21T12:12:59.000Z,0,feature-extraction,False,model,False,,922MB | 463MB | 291MB,305135616.0,966787072.0,98,26-07-2024
98,Xenova,"{'avatarUrl': 'https://cdn-avatars.huggingface.co/v1/production/uploads/61b253b7ac5ecaae3d1efe0c/hwiQ0uvz3t-L5a-NtBIO6.png', 'fullname': 'Joshua', 'name': 'Xenova', 'type': 'user', 'isPro': False, 'isHf': True, 'isMod': False}",32202,False,Xenova/jina-embeddings-v2-small-en,NotSupported_CustomCode,2024-03-12T01:53:46.000Z,1,feature-extraction,False,model,False,,130MB | 65MB | 32.8MB,34393292.8,136314880.0,99,26-07-2024
99,Xenova,"{'avatarUrl': 'https://cdn-avatars.huggingface.co/v1/production/uploads/61b253b7ac5ecaae3d1efe0c/hwiQ0uvz3t-L5a-NtBIO6.png', 'fullname': 'Joshua', 'name': 'Xenova', 'type': 'user', 'isPro': False, 'isHf': True, 'isMod': False}",2919,False,Xenova/jina-embeddings-v2-base-en,NotSupported_CustomCode,2024-03-12T01:54:17.000Z,7,feature-extraction,False,model,False,,547MB | 274MB | 138MB,144703488.0,573571072.0,100,26-07-2024
100,do-me,"{'avatarUrl': 'https://cdn-avatars.huggingface.co/v1/production/uploads/noauth/IiercF_qxHWize2kitl9X.jpeg', 'fullname': 'Dominik Weckmüller', 'name': 'do-me', 'type': 'user', 'isPro': False, 'isHf': False, 'isMod': False}",5,False,do-me/jina-embeddings-v2-base-en,NotSupported_CustomCode,2023-10-29T16:31:39.000Z,0,feature-extraction,False,model,False,,547MB,573571072.0,573571072.0,101,26-07-2024
101,do-me,"{'avatarUrl': 'https://cdn-avatars.huggingface.co/v1/production/uploads/noauth/IiercF_qxHWize2kitl9X.jpeg', 'fullname': 'Dominik Weckmüller', 'name': 'do-me', 'type': 'user', 'isPro': False, 'isHf': False, 'isMod': False}",6,False,do-me/jina-embeddings-v2-small-en,NotSupported_CustomCode,2023-10-27T21:44:50.000Z,0,feature-extraction,False,model,False,,130MB,136314880.0,136314880.0,102,26-07-2024
102,ProsESportu,"{'avatarUrl': '/avatars/7807276afdbbb6321d7a108a00879b9e.svg', 'fullname': 'Tomasz Hajduga', 'name': 'ProsESportu', 'type': 'user', 'isPro': False, 'isHf': False, 'isMod': False}",2,False,ProsESportu/mpweb,NotSupported_PipelineLibraryPairNotSupported,2023-11-22T17:52:21.000Z,0,feature-extraction,False,model,False,,436MB,457179136.0,457179136.0,103,26-07-2024
103,Xenova,"{'avatarUrl': 'https://cdn-avatars.huggingface.co/v1/production/uploads/61b253b7ac5ecaae3d1efe0c/hwiQ0uvz3t-L5a-NtBIO6.png', 'fullname': 'Joshua', 'name': 'Xenova', 'type': 'user', 'isPro': False, 'isHf': True, 'isMod': False}",10,False,Xenova/clap-htsat-unfused,NotSupported_PipelineLibraryPairNotSupported,2024-03-17T14:55:51.000Z,0,feature-extraction,False,model,False,,619MB | 312MB | 161MB,168820736.0,649068544.0,104,26-07-2024
104,Xenova,"{'avatarUrl': 'https://cdn-avatars.huggingface.co/v1/production/uploads/61b253b7ac5ecaae3d1efe0c/hwiQ0uvz3t-L5a-NtBIO6.png', 'fullname': 'Joshua', 'name': 'Xenova', 'type': 'user', 'isPro': False, 'isHf': True, 'isMod': False}",2,False,Xenova/tiny-random-ClapModel,NotSupported_PipelineLibraryPairNotSupported,2024-03-17T14:56:40.000Z,0,feature-extraction,False,model,False,,14.8MB | 9.3MB | 6.34MB,6647971.84,15518924.8,105,26-07-2024
105,Xenova,"{'avatarUrl': 'https://cdn-avatars.huggingface.co/v1/production/uploads/61b253b7ac5ecaae3d1efe0c/hwiQ0uvz3t-L5a-NtBIO6.png', 'fullname': 'Joshua', 'name': 'Xenova', 'type': 'user', 'isPro': False, 'isHf': True, 'isMod': False}",5,False,Xenova/larger_clap_general,NotSupported_PipelineLibraryPairNotSupported,2024-03-17T15:01:03.000Z,0,feature-extraction,False,model,False,,783MB | 395MB | 205MB,214958080.0,821035008.0,106,26-07-2024
106,Xenova,"{'avatarUrl': 'https://cdn-avatars.huggingface.co/v1/production/uploads/61b253b7ac5ecaae3d1efe0c/hwiQ0uvz3t-L5a-NtBIO6.png', 'fullname': 'Joshua', 'name': 'Xenova', 'type': 'user', 'isPro': False, 'isHf': True, 'isMod': False}",33,False,Xenova/larger_clap_music_and_speech,NotSupported_PipelineLibraryPairNotSupported,2024-03-17T15:10:25.000Z,2,feature-extraction,False,model,False,,783MB | 395MB | 205MB,214958080.0,821035008.0,107,26-07-2024
107,Xenova,"{'avatarUrl': 'https://cdn-avatars.huggingface.co/v1/production/uploads/61b253b7ac5ecaae3d1efe0c/hwiQ0uvz3t-L5a-NtBIO6.png', 'fullname': 'Joshua', 'name': 'Xenova', 'type': 'user', 'isPro': False, 'isHf': True, 'isMod': False}",5,False,Xenova/conv-bert-base,NotSupported_PipelineLibraryPairNotSupported,2024-03-21T12:17:07.000Z,0,feature-extraction,False,model,False,,423MB | 212MB | 107MB,112197632.0,443547648.0,108,26-07-2024
108,Xenova,"{'avatarUrl': 'https://cdn-avatars.huggingface.co/v1/production/uploads/61b253b7ac5ecaae3d1efe0c/hwiQ0uvz3t-L5a-NtBIO6.png', 'fullname': 'Joshua', 'name': 'Xenova', 'type': 'user', 'isPro': False, 'isHf': True, 'isMod': False}",6,False,Xenova/conv-bert-medium-small,NotSupported_PipelineLibraryPairNotSupported,2024-03-21T12:17:16.000Z,0,feature-extraction,False,model,False,,70.4MB | 35.6MB | 18.6MB,19503513.6,73819750.4,109,26-07-2024
109,Xenova,"{'avatarUrl': 'https://cdn-avatars.huggingface.co/v1/production/uploads/61b253b7ac5ecaae3d1efe0c/hwiQ0uvz3t-L5a-NtBIO6.png', 'fullname': 'Joshua', 'name': 'Xenova', 'type': 'user', 'isPro': False, 'isHf': True, 'isMod': False}",5,False,Xenova/electra-base-discriminator,NotSupported_PipelineLibraryPairNotSupported,2024-03-21T12:18:00.000Z,0,feature-extraction,False,model,False,,436MB | 218MB | 110MB,115343360.0,457179136.0,110,26-07-2024
110,Xenova,"{'avatarUrl': 'https://cdn-avatars.huggingface.co/v1/production/uploads/61b253b7ac5ecaae3d1efe0c/hwiQ0uvz3t-L5a-NtBIO6.png', 'fullname': 'Joshua', 'name': 'Xenova', 'type': 'user', 'isPro': False, 'isHf': True, 'isMod': False}",5,False,Xenova/conv-bert-small,NotSupported_PipelineLibraryPairNotSupported,2024-03-21T12:18:11.000Z,0,feature-extraction,False,model,False,,53MB | 26.9MB | 14.1MB,14784921.6,55574528.0,111,26-07-2024
111,Xenova,"{'avatarUrl': 'https://cdn-avatars.huggingface.co/v1/production/uploads/61b253b7ac5ecaae3d1efe0c/hwiQ0uvz3t-L5a-NtBIO6.png', 'fullname': 'Joshua', 'name': 'Xenova', 'type': 'user', 'isPro': False, 'isHf': True, 'isMod': False}",5,False,Xenova/electra-small-discriminator,NotSupported_PipelineLibraryPairNotSupported,2024-03-21T12:18:19.000Z,0,feature-extraction,False,model,False,,54.2MB | 27.3MB | 14.2MB,14889779.2,56832819.2,112,26-07-2024
112,Xenova,"{'avatarUrl': 'https://cdn-avatars.huggingface.co/v1/production/uploads/61b253b7ac5ecaae3d1efe0c/hwiQ0uvz3t-L5a-NtBIO6.png', 'fullname': 'Joshua', 'name': 'Xenova', 'type': 'user', 'isPro': False, 'isHf': True, 'isMod': False}",6,False,Xenova/nucleotide-transformer-500m-human-ref,NotSupported_PipelineLibraryPairNotSupported,2024-03-15T03:31:41.000Z,0,feature-extraction,False,model,False,,1.92GB | 958MB | 482MB,505413632.0,2061584302.08,113,26-07-2024
113,Xenova,"{'avatarUrl': 'https://cdn-avatars.huggingface.co/v1/production/uploads/61b253b7ac5ecaae3d1efe0c/hwiQ0uvz3t-L5a-NtBIO6.png', 'fullname': 'Joshua', 'name': 'Xenova', 'type': 'user', 'isPro': False, 'isHf': True, 'isMod': False}",6,False,Xenova/nucleotide-transformer-500m-1000g,NotSupported_PipelineLibraryPairNotSupported,2024-03-15T03:33:43.000Z,0,feature-extraction,False,model,False,,1.92GB | 958MB | 482MB,505413632.0,2061584302.08,114,26-07-2024
114,Xenova,"{'avatarUrl': 'https://cdn-avatars.huggingface.co/v1/production/uploads/61b253b7ac5ecaae3d1efe0c/hwiQ0uvz3t-L5a-NtBIO6.png', 'fullname': 'Joshua', 'name': 'Xenova', 'type': 'user', 'isPro': False, 'isHf': True, 'isMod': False}",7,False,Xenova/hubert-base-ls960,NotSupported_PipelineLibraryPairNotSupported,2024-03-21T12:18:55.000Z,0,feature-extraction,False,model,False,,378MB | 189MB | 95.6MB,100243865.6,396361728.0,115,26-07-2024
115,Xenova,"{'avatarUrl': 'https://cdn-avatars.huggingface.co/v1/production/uploads/61b253b7ac5ecaae3d1efe0c/hwiQ0uvz3t-L5a-NtBIO6.png', 'fullname': 'Joshua', 'name': 'Xenova', 'type': 'user', 'isPro': False, 'isHf': True, 'isMod': False}",68,False,Xenova/UAE-Large-V1,NotSupported_PipelineLibraryPairNotSupported,2024-03-12T01:55:42.000Z,2,feature-extraction,False,model,False,,1.34GB | 669MB | 337MB,353370112.0,1438814044.16,116,26-07-2024
116,Todai,"{'avatarUrl': '/avatars/5d53754314695910793a4ba4deeb0e56.svg', 'fullname': 'Todai Abot', 'name': 'Todai', 'type': 'user', 'isPro': False, 'isHf': False, 'isMod': False}",9,False,Todai/robbert-2022-dutch-sentence-transformers-onnx,NotPopularEnough,2023-12-13T09:25:14.000Z,0,sentence-similarity,False,model,False,[],473MB | 119MB,124780544.0,495976448.0,117,26-07-2024
117,odunola,"{'avatarUrl': '/avatars/a584654a54505651eb367a13fdaea440.svg', 'fullname': 'Odunolaoluwa jenrola', 'name': 'odunola', 'type': 'user', 'isPro': False, 'isHf': False, 'isMod': False}",2,False,odunola/UAE-Large-VI,NotPopularEnough,2023-12-18T20:58:50.000Z,0,feature-extraction,False,model,False,,1.34GB | 337MB,353370112.0,1438814044.16,118,26-07-2024
118,Xenova,"{'avatarUrl': 'https://cdn-avatars.huggingface.co/v1/production/uploads/61b253b7ac5ecaae3d1efe0c/hwiQ0uvz3t-L5a-NtBIO6.png', 'fullname': 'Joshua', 'name': 'Xenova', 'type': 'user', 'isPro': False, 'isHf': True, 'isMod': False}",6,False,Xenova/tiny-random-RoFormerModel,NotSupported_PipelineLibraryPairNotSupported,2024-03-21T12:18:59.000Z,0,feature-extraction,False,model,False,,6.69MB | 3.47MB | 1.88MB,1971322.88,7014973.44,119,26-07-2024
119,karrar-alwaili,"{'avatarUrl': '/avatars/561514dc20432ea85207eed3df5dd54c.svg', 'fullname': 'karrar haidar allaithaoi', 'name': 'karrar-alwaili', 'type': 'user', 'isPro': False, 'isHf': False, 'isMod': False}",6,False,karrar-alwaili/UAE-Large-V1,NotPopularEnough,2023-12-22T09:20:50.000Z,0,feature-extraction,False,model,False,,1.34GB | 337MB,353370112.0,1438814044.16,120,26-07-2024
120,Cohee,"{'avatarUrl': 'https://cdn-avatars.huggingface.co/v1/production/uploads/1678743727728-63170aab3eb2544b6235fc5e.png', 'fullname': 'Cohee', 'name': 'Cohee', 'type': 'user', 'isPro': False, 'isHf': False, 'isMod': False}",488,False,Cohee/jina-embeddings-v2-base-en,NotSupported_CustomCode,2024-04-04T13:56:47.000Z,1,feature-extraction,False,model,False,,434MB | 217MB | 109MB,114294784.0,455081984.0,121,26-07-2024
121,aurantium,"{'avatarUrl': 'https://www.gravatar.com/avatar/4440b0698624dc53af55820a50ce32e1?d=retro&size=100', 'fullname': 'Aurantium Labs', 'name': 'aurantium', 'type': 'org', 'isHf': False, 'isMod': False, 'isEnterprise': False}",7,False,aurantium/clip-ViT-B-32-multilingual-v1,NotSupported_PipelineLibraryPairNotSupported,2023-12-29T14:44:02.000Z,1,feature-extraction,False,model,False,,541MB | 136MB,142606336.0,567279616.0,122,26-07-2024
122,Xenova,"{'avatarUrl': 'https://cdn-avatars.huggingface.co/v1/production/uploads/61b253b7ac5ecaae3d1efe0c/hwiQ0uvz3t-L5a-NtBIO6.png', 'fullname': 'Joshua', 'name': 'Xenova', 'type': 'user', 'isPro': False, 'isHf': True, 'isMod': False}",15,False,Xenova/colbertv2.0,NotSupported_PipelineLibraryPairNotSupported,2024-06-12T14:51:57.000Z,5,feature-extraction,False,model,False,,436MB | 218MB | 110MB,115343360.0,457179136.0,123,26-07-2024
123,Xenova,"{'avatarUrl': 'https://cdn-avatars.huggingface.co/v1/production/uploads/61b253b7ac5ecaae3d1efe0c/hwiQ0uvz3t-L5a-NtBIO6.png', 'fullname': 'Joshua', 'name': 'Xenova', 'type': 'user', 'isPro': False, 'isHf': True, 'isMod': False}",6,False,Xenova/w2v-bert-2.0,NotSupported_PipelineLibraryPairNotSupported,2024-03-21T10:52:51.000Z,0,feature-extraction,False,model,False,,988kB | 1.16GB | 586MB,1011712.0,1245540515.84,124,26-07-2024
124,Xenova,"{'avatarUrl': 'https://cdn-avatars.huggingface.co/v1/production/uploads/61b253b7ac5ecaae3d1efe0c/hwiQ0uvz3t-L5a-NtBIO6.png', 'fullname': 'Joshua', 'name': 'Xenova', 'type': 'user', 'isPro': False, 'isHf': True, 'isMod': False}",238,False,Xenova/jina-embeddings-v2-base-zh,NotSupported_ExplicitOptOut,2024-03-12T01:57:42.000Z,0,feature-extraction,False,model,False,,641MB | 321MB | 162MB,169869312.0,672137216.0,125,26-07-2024
125,Xenova,"{'avatarUrl': 'https://cdn-avatars.huggingface.co/v1/production/uploads/61b253b7ac5ecaae3d1efe0c/hwiQ0uvz3t-L5a-NtBIO6.png', 'fullname': 'Joshua', 'name': 'Xenova', 'type': 'user', 'isPro': False, 'isHf': True, 'isMod': False}",7,False,Xenova/jina-embeddings-v2-base-de,NotSupported_ExplicitOptOut,2024-03-12T01:58:19.000Z,3,feature-extraction,False,model,False,,641MB | 321MB | 162MB,169869312.0,672137216.0,126,26-07-2024
126,Xenova,"{'avatarUrl': 'https://cdn-avatars.huggingface.co/v1/production/uploads/61b253b7ac5ecaae3d1efe0c/hwiQ0uvz3t-L5a-NtBIO6.png', 'fullname': 'Joshua', 'name': 'Xenova', 'type': 'user', 'isPro': False, 'isHf': True, 'isMod': False}",23,False,Xenova/nomic-embed-text-v1,NotSupported_CustomCode,2024-04-01T02:13:44.000Z,0,feature-extraction,False,model,False,,548MB | 274MB | 138MB,144703488.0,574619648.0,127,26-07-2024
127,Xenova,"{'avatarUrl': 'https://cdn-avatars.huggingface.co/v1/production/uploads/61b253b7ac5ecaae3d1efe0c/hwiQ0uvz3t-L5a-NtBIO6.png', 'fullname': 'Joshua', 'name': 'Xenova', 'type': 'user', 'isPro': False, 'isHf': True, 'isMod': False}",2,False,Xenova/nomic-embed-text-v1-unsupervised,NotSupported_CustomCode,2024-03-21T12:23:01.000Z,0,feature-extraction,False,model,False,,548MB | 274MB | 138MB,144703488.0,574619648.0,128,26-07-2024
128,Xenova,"{'avatarUrl': 'https://cdn-avatars.huggingface.co/v1/production/uploads/61b253b7ac5ecaae3d1efe0c/hwiQ0uvz3t-L5a-NtBIO6.png', 'fullname': 'Joshua', 'name': 'Xenova', 'type': 'user', 'isPro': False, 'isHf': True, 'isMod': False}",2,False,Xenova/nomic-embed-text-v1-ablated,NotSupported_CustomCode,2024-03-21T12:23:55.000Z,0,feature-extraction,False,model,False,,548MB | 274MB | 138MB,144703488.0,574619648.0,129,26-07-2024
129,Xenova,"{'avatarUrl': 'https://cdn-avatars.huggingface.co/v1/production/uploads/61b253b7ac5ecaae3d1efe0c/hwiQ0uvz3t-L5a-NtBIO6.png', 'fullname': 'Joshua', 'name': 'Xenova', 'type': 'user', 'isPro': False, 'isHf': True, 'isMod': False}",941,False,Xenova/bge-m3,NotSupported_PipelineLibraryPairNotSupported,2024-03-21T12:27:12.000Z,20,feature-extraction,False,model,False,,607kB | 1.13GB | 570MB,621568.0,1213328261.12,130,26-07-2024
130,koxy-ai,"{'avatarUrl': 'https://www.gravatar.com/avatar/4b0d6d3ef1b6a649e2a8d5e93faf2151?d=retro&size=100', 'fullname': 'Koxy AI', 'name': 'koxy-ai', 'type': 'org', 'isHf': False, 'isMod': False, 'isEnterprise': False}",6,False,koxy-ai/gte-small,NotSupported_PipelineLibraryPairNotSupported,2024-03-12T18:27:09.000Z,0,feature-extraction,False,model,False,,133MB | 66.7MB | 34MB,35651584.0,139460608.0,131,26-07-2024
131,mixedbread-ai,"{'avatarUrl': 'https://cdn-avatars.huggingface.co/v1/production/uploads/643ee0870d1194da249bd7fe/voYdYlFgQH5vyMwyMNluZ.png', 'fullname': 'Mixedbread', 'name': 'mixedbread-ai', 'type': 'org', 'isHf': False, 'isMod': False, 'isEnterprise': False}",5607,False,mixedbread-ai/mxbai-embed-2d-large-v1,NotPopularEnough,2024-07-22T14:30:13.000Z,32,feature-extraction,False,model,False,,1.34GB | 669MB | 337MB,353370112.0,1438814044.16,132,26-07-2024
132,Xenova,"{'avatarUrl': 'https://cdn-avatars.huggingface.co/v1/production/uploads/61b253b7ac5ecaae3d1efe0c/hwiQ0uvz3t-L5a-NtBIO6.png', 'fullname': 'Joshua', 'name': 'Xenova', 'type': 'user', 'isPro': False, 'isHf': True, 'isMod': False}",2,False,Xenova/tiny-random-ErnieModel,NotSupported_PipelineLibraryPairNotSupported,2024-03-23T00:30:42.000Z,0,feature-extraction,False,model,False,,450kB | 343kB | 316kB | 273kB | 348kB | 273kB | 273kB,279552.0,460800.0,133,26-07-2024
133,Xenova,"{'avatarUrl': 'https://cdn-avatars.huggingface.co/v1/production/uploads/61b253b7ac5ecaae3d1efe0c/hwiQ0uvz3t-L5a-NtBIO6.png', 'fullname': 'Joshua', 'name': 'Xenova', 'type': 'user', 'isPro': False, 'isHf': True, 'isMod': False}",3,False,Xenova/ernie-2.0-large-en,NotSupported_PipelineLibraryPairNotSupported,2024-03-23T00:32:10.000Z,0,feature-extraction,False,model,False,,1.34GB | 299MB | 669MB | 337MB | 318MB | 337MB | 337MB,313524224.0,1438814044.16,134,26-07-2024
134,Xenova,"{'avatarUrl': 'https://cdn-avatars.huggingface.co/v1/production/uploads/61b253b7ac5ecaae3d1efe0c/hwiQ0uvz3t-L5a-NtBIO6.png', 'fullname': 'Joshua', 'name': 'Xenova', 'type': 'user', 'isPro': False, 'isHf': True, 'isMod': False}",3,False,Xenova/ernie-2.0-base-en,NotSupported_PipelineLibraryPairNotSupported,2024-03-23T00:32:37.000Z,0,feature-extraction,False,model,False,,436MB | 144MB | 218MB | 110MB | 149MB | 110MB | 110MB,115343360.0,457179136.0,135,26-07-2024
135,Xenova,"{'avatarUrl': 'https://cdn-avatars.huggingface.co/v1/production/uploads/61b253b7ac5ecaae3d1efe0c/hwiQ0uvz3t-L5a-NtBIO6.png', 'fullname': 'Joshua', 'name': 'Xenova', 'type': 'user', 'isPro': False, 'isHf': True, 'isMod': False}",2,False,Xenova/ernie-health-zh,NotSupported_PipelineLibraryPairNotSupported,2024-03-23T00:33:01.000Z,0,feature-extraction,False,model,False,,411MB | 120MB | 206MB | 104MB | 125MB | 104MB | 104MB,109051904.0,430964736.0,136,26-07-2024
136,Xenova,"{'avatarUrl': 'https://cdn-avatars.huggingface.co/v1/production/uploads/61b253b7ac5ecaae3d1efe0c/hwiQ0uvz3t-L5a-NtBIO6.png', 'fullname': 'Joshua', 'name': 'Xenova', 'type': 'user', 'isPro': False, 'isHf': True, 'isMod': False}",2,False,Xenova/ernie-3.0-mini-zh,NotSupported_PipelineLibraryPairNotSupported,2024-03-23T00:33:12.000Z,0,feature-extraction,False,model,False,,107MB | 70.9MB | 53.8MB | 27.2MB | 71.5MB | 27.2MB | 27.2MB,28521267.2,112197632.0,137,26-07-2024
137,Xenova,"{'avatarUrl': 'https://cdn-avatars.huggingface.co/v1/production/uploads/61b253b7ac5ecaae3d1efe0c/hwiQ0uvz3t-L5a-NtBIO6.png', 'fullname': 'Joshua', 'name': 'Xenova', 'type': 'user', 'isPro': False, 'isHf': True, 'isMod': False}",2,False,Xenova/ernie-3.0-nano-zh,NotSupported_PipelineLibraryPairNotSupported,2024-03-23T00:33:18.000Z,0,feature-extraction,False,model,False,,71.4MB | 55.3MB | 35.8MB | 18.1MB | 55.6MB | 18.1MB | 18.1MB,18979225.6,74868326.4,138,26-07-2024
138,Xenova,"{'avatarUrl': 'https://cdn-avatars.huggingface.co/v1/production/uploads/61b253b7ac5ecaae3d1efe0c/hwiQ0uvz3t-L5a-NtBIO6.png', 'fullname': 'Joshua', 'name': 'Xenova', 'type': 'user', 'isPro': False, 'isHf': True, 'isMod': False}",2,False,Xenova/ernie-3.0-micro-zh,NotSupported_PipelineLibraryPairNotSupported,2024-03-23T00:33:26.000Z,0,feature-extraction,False,model,False,,93.1MB | 68.8MB | 46.6MB | 23.5MB | 69.2MB | 23.5MB | 23.5MB,24641536.0,97622425.6,139,26-07-2024
139,Xenova,"{'avatarUrl': 'https://cdn-avatars.huggingface.co/v1/production/uploads/61b253b7ac5ecaae3d1efe0c/hwiQ0uvz3t-L5a-NtBIO6.png', 'fullname': 'Joshua', 'name': 'Xenova', 'type': 'user', 'isPro': False, 'isHf': True, 'isMod': False}",2,False,Xenova/ernie-gram-zh,NotSupported_PipelineLibraryPairNotSupported,2024-03-23T00:33:48.000Z,0,feature-extraction,False,model,False,,397MB | 105MB | 199MB | 100MB | 111MB | 100MB | 100MB,104857600.0,416284672.0,140,26-07-2024
140,Xenova,"{'avatarUrl': 'https://cdn-avatars.huggingface.co/v1/production/uploads/61b253b7ac5ecaae3d1efe0c/hwiQ0uvz3t-L5a-NtBIO6.png', 'fullname': 'Joshua', 'name': 'Xenova', 'type': 'user', 'isPro': False, 'isHf': True, 'isMod': False}",3,False,Xenova/text2vec-base-chinese-paraphrase,NotSupported_PipelineLibraryPairNotSupported,2024-03-23T00:34:15.000Z,1,feature-extraction,False,model,False,,470MB | 178MB | 235MB | 119MB | 183MB | 119MB | 119MB,124780544.0,492830720.0,141,26-07-2024
141,Xenova,"{'avatarUrl': 'https://cdn-avatars.huggingface.co/v1/production/uploads/61b253b7ac5ecaae3d1efe0c/hwiQ0uvz3t-L5a-NtBIO6.png', 'fullname': 'Joshua', 'name': 'Xenova', 'type': 'user', 'isPro': False, 'isHf': True, 'isMod': False}",5,False,Xenova/text2vec-base-chinese-sentence,NotSupported_PipelineLibraryPairNotSupported,2024-03-23T00:34:43.000Z,0,feature-extraction,False,model,False,,470MB | 178MB | 235MB | 119MB | 183MB | 119MB | 119MB,124780544.0,492830720.0,142,26-07-2024
142,Xenova,"{'avatarUrl': 'https://cdn-avatars.huggingface.co/v1/production/uploads/61b253b7ac5ecaae3d1efe0c/hwiQ0uvz3t-L5a-NtBIO6.png', 'fullname': 'Joshua', 'name': 'Xenova', 'type': 'user', 'isPro': False, 'isHf': True, 'isMod': False}",4,False,Xenova/tiny-random-ErnieMModel,NotSupported_PipelineLibraryPairNotSupported,2024-03-24T22:54:35.000Z,0,feature-extraction,False,model,False,,32.3MB | 32.2MB | 16.2MB | 8.23MB | 32.2MB | 8.23MB | 8.23MB,8629780.48,33869004.8,143,26-07-2024
143,Xenova,"{'avatarUrl': 'https://cdn-avatars.huggingface.co/v1/production/uploads/61b253b7ac5ecaae3d1efe0c/hwiQ0uvz3t-L5a-NtBIO6.png', 'fullname': 'Joshua', 'name': 'Xenova', 'type': 'user', 'isPro': False, 'isHf': True, 'isMod': False}",8,False,Xenova/GIST-small-Embedding-v0,NotSupported_PipelineLibraryPairNotSupported,2024-03-25T12:33:18.000Z,0,feature-extraction,False,model,False,,133MB | 60.1MB | 66.7MB | 34MB | 61.4MB | 34MB | 34MB,35651584.0,139460608.0,144,26-07-2024
144,Snowflake,"{'avatarUrl': 'https://cdn-avatars.huggingface.co/v1/production/uploads/64ba2f59a6ccf0f64b4ad254/eTDA37yFwUVP45c1WTSs2.png', 'fullname': 'Snowflake', 'name': 'Snowflake', 'type': 'org', 'isHf': False, 'isMod': False, 'isEnterprise': False}",24545,False,Snowflake/snowflake-arctic-embed-xs,NotPopularEnough,2024-05-10T15:50:28.000Z,22,sentence-similarity,False,model,False,[],90.4MB | 53.9MB | 45.3MB | 23MB | 54.6MB | 23MB | 23MB,24117248.0,94791270.4,145,26-07-2024
145,jinaai,"{'avatarUrl': 'https://cdn-avatars.huggingface.co/v1/production/uploads/603763514de52ff951d89793/AFoybzd5lpBQXEBrQHuTt.png', 'fullname': 'Jina AI', 'name': 'jinaai', 'type': 'org', 'isHf': False, 'isMod': False, 'isEnterprise': False}",3830,False,jinaai/jina-reranker-v1-tiny-en,NotSupported_CustomCode,2024-06-20T06:50:01.000Z,11,text-classification,False,model,False,[],132MB | 99.9MB | 66.3MB | 33.4MB | 101MB | 33.4MB | 33.4MB,35022438.4,138412032.0,146,26-07-2024
146,lightbird-ai,"{'avatarUrl': 'https://cdn-avatars.huggingface.co/v1/production/uploads/651db473725e83147b935809/snVYsSH2C72-Bad4PrF8z.png', 'fullname': 'Lightbird AI', 'name': 'lightbird-ai', 'type': 'org', 'isHf': False, 'isMod': False, 'isEnterprise': False}",7,False,lightbird-ai/nomic,NotSupported_CustomCode,2024-04-25T19:30:50.000Z,0,sentence-similarity,False,model,False,[],548MB | 138MB,144703488.0,574619648.0,147,26-07-2024
147,sirius422,"{'avatarUrl': 'https://cdn-avatars.huggingface.co/v1/production/uploads/661ac9f47a16dc848a990cb9/xq5yhZmeqD_rSaLRK4hFL.jpeg', 'fullname': 'sirius422', 'name': 'sirius422', 'type': 'user', 'isPro': False, 'isHf': False, 'isMod': False}",2,False,sirius422/multilingual-e5-large-onnx,NotSupported_PipelineLibraryPairNotSupported,2024-05-02T13:08:23.000Z,0,feature-extraction,False,model,False,,546kB | 562MB,559104.0,589299712.0,148,26-07-2024
148,corto-ai,"{'avatarUrl': 'https://www.gravatar.com/avatar/5208f74272f9abce14ac985974823387?d=retro&size=100', 'fullname': 'Corto', 'name': 'corto-ai', 'type': 'org', 'isHf': False, 'isMod': False, 'isEnterprise': False}",2603,False,corto-ai/nomic-embed-text-v1,NotSupported_CustomCode,2024-05-06T05:18:56.000Z,1,sentence-similarity,False,model,False,[],548MB | 138MB,144703488.0,574619648.0,149,26-07-2024
149,michaelfeil,"{'avatarUrl': 'https://cdn-avatars.huggingface.co/v1/production/uploads/644fac0ce1d7a97f3b653ab1/fottSAPFrJdKeMW2UJv_l.jpeg', 'fullname': 'Michael', 'name': 'michaelfeil', 'type': 'user', 'isPro': True, 'isHf': False, 'isMod': False}",13,False,michaelfeil/jina-embeddings-v2-base-code,NotSupported_ExplicitOptOut,2024-05-12T03:52:29.000Z,0,feature-extraction,False,model,False,,642MB | 321MB | 162MB,169869312.0,673185792.0,150,26-07-2024
150,bdx33,"{'avatarUrl': '/avatars/a5bd19fc63a70adb332e8a5cd8a317a9.svg', 'fullname': 'bdx33', 'name': 'bdx33', 'type': 'user', 'isPro': False, 'isHf': False, 'isMod': False}",1,False,bdx33/stella-mrl-large-zh-v3.5-1792d,NotSupported_PipelineLibraryPairNotSupported,2024-05-29T09:23:18.000Z,0,feature-extraction,False,model,False,,1.3GB | 327MB,342884352.0,1395864371.2,151,26-07-2024
151,aseovic,"{'avatarUrl': 'https://cdn-avatars.huggingface.co/v1/production/uploads/noauth/6H9gRSMYBRIQcxq-zb_Yq.jpeg', 'fullname': 'Aleks Seovic', 'name': 'aseovic', 'type': 'user', 'isPro': False, 'isHf': False, 'isMod': False}",3,False,aseovic/all-mpnet-base-v2,NotSupported_PipelineLibraryPairNotSupported,2024-06-05T00:41:36.000Z,0,feature-extraction,False,model,False,,436MB | 218MB | 110MB,115343360.0,457179136.0,152,26-07-2024
152,onnx-community,"{'avatarUrl': 'https://cdn-avatars.huggingface.co/v1/production/uploads/61b253b7ac5ecaae3d1efe0c/BpiYJ-m5mXPXfjkzEt6yZ.png', 'fullname': 'ONNX Community', 'name': 'onnx-community', 'type': 'org', 'isHf': False, 'isMod': False, 'isEnterprise': False}",6,False,onnx-community/decision-transformer-gym-hopper-expert,NotSupported_PipelineLibraryPairNotSupported,2024-06-06T15:18:17.000Z,0,feature-extraction,False,model,False,,4.6MB,4823449.6,4823449.6,153,26-07-2024
153,onnx-community,"{'avatarUrl': 'https://cdn-avatars.huggingface.co/v1/production/uploads/61b253b7ac5ecaae3d1efe0c/BpiYJ-m5mXPXfjkzEt6yZ.png', 'fullname': 'ONNX Community', 'name': 'onnx-community', 'type': 'org', 'isHf': False, 'isMod': False, 'isEnterprise': False}",2,False,onnx-community/decision-transformer-gym-hopper-medium,NotSupported_PipelineLibraryPairNotSupported,2024-06-06T15:18:19.000Z,0,feature-extraction,False,model,False,,4.6MB,4823449.6,4823449.6,154,26-07-2024
154,onnx-community,"{'avatarUrl': 'https://cdn-avatars.huggingface.co/v1/production/uploads/61b253b7ac5ecaae3d1efe0c/BpiYJ-m5mXPXfjkzEt6yZ.png', 'fullname': 'ONNX Community', 'name': 'onnx-community', 'type': 'org', 'isHf': False, 'isMod': False, 'isEnterprise': False}",2,False,onnx-community/decision-transformer-gym-hopper-medium-replay,NotSupported_PipelineLibraryPairNotSupported,2024-06-06T15:18:22.000Z,0,feature-extraction,False,model,False,,4.6MB,4823449.6,4823449.6,155,26-07-2024
155,onnx-community,"{'avatarUrl': 'https://cdn-avatars.huggingface.co/v1/production/uploads/61b253b7ac5ecaae3d1efe0c/BpiYJ-m5mXPXfjkzEt6yZ.png', 'fullname': 'ONNX Community', 'name': 'onnx-community', 'type': 'org', 'isHf': False, 'isMod': False, 'isEnterprise': False}",2,False,onnx-community/decision-transformer-gym-hopper-expert-new,NotSupported_PipelineLibraryPairNotSupported,2024-06-06T15:18:24.000Z,0,feature-extraction,False,model,False,,4.6MB,4823449.6,4823449.6,156,26-07-2024
156,onnx-community,"{'avatarUrl': 'https://cdn-avatars.huggingface.co/v1/production/uploads/61b253b7ac5ecaae3d1efe0c/BpiYJ-m5mXPXfjkzEt6yZ.png', 'fullname': 'ONNX Community', 'name': 'onnx-community', 'type': 'org', 'isHf': False, 'isMod': False, 'isEnterprise': False}",2,False,onnx-community/decision-transformer-gym-halfcheetah-expert,NotSupported_PipelineLibraryPairNotSupported,2024-06-06T15:18:27.000Z,0,feature-extraction,False,model,False,,4.61MB,4833935.36,4833935.36,157,26-07-2024
157,onnx-community,"{'avatarUrl': 'https://cdn-avatars.huggingface.co/v1/production/uploads/61b253b7ac5ecaae3d1efe0c/BpiYJ-m5mXPXfjkzEt6yZ.png', 'fullname': 'ONNX Community', 'name': 'onnx-community', 'type': 'org', 'isHf': False, 'isMod': False, 'isEnterprise': False}",2,False,onnx-community/decision-transformer-gym-halfcheetah-medium,NotSupported_PipelineLibraryPairNotSupported,2024-06-06T15:18:29.000Z,0,feature-extraction,False,model,False,,4.61MB,4833935.36,4833935.36,158,26-07-2024
158,onnx-community,"{'avatarUrl': 'https://cdn-avatars.huggingface.co/v1/production/uploads/61b253b7ac5ecaae3d1efe0c/BpiYJ-m5mXPXfjkzEt6yZ.png', 'fullname': 'ONNX Community', 'name': 'onnx-community', 'type': 'org', 'isHf': False, 'isMod': False, 'isEnterprise': False}",2,False,onnx-community/decision-transformer-gym-halfcheetah-medium-replay,NotSupported_PipelineLibraryPairNotSupported,2024-06-06T15:18:31.000Z,0,feature-extraction,False,model,False,,4.61MB,4833935.36,4833935.36,159,26-07-2024
159,onnx-community,"{'avatarUrl': 'https://cdn-avatars.huggingface.co/v1/production/uploads/61b253b7ac5ecaae3d1efe0c/BpiYJ-m5mXPXfjkzEt6yZ.png', 'fullname': 'ONNX Community', 'name': 'onnx-community', 'type': 'org', 'isHf': False, 'isMod': False, 'isEnterprise': False}",2,False,onnx-community/decision-transformer-gym-walker2d-expert,NotSupported_PipelineLibraryPairNotSupported,2024-06-06T15:18:34.000Z,0,feature-extraction,False,model,False,,4.61MB,4833935.36,4833935.36,160,26-07-2024
160,onnx-community,"{'avatarUrl': 'https://cdn-avatars.huggingface.co/v1/production/uploads/61b253b7ac5ecaae3d1efe0c/BpiYJ-m5mXPXfjkzEt6yZ.png', 'fullname': 'ONNX Community', 'name': 'onnx-community', 'type': 'org', 'isHf': False, 'isMod': False, 'isEnterprise': False}",2,False,onnx-community/decision-transformer-gym-walker2d-medium,NotSupported_PipelineLibraryPairNotSupported,2024-06-06T15:18:36.000Z,0,feature-extraction,False,model,False,,4.61MB,4833935.36,4833935.36,161,26-07-2024
161,onnx-community,"{'avatarUrl': 'https://cdn-avatars.huggingface.co/v1/production/uploads/61b253b7ac5ecaae3d1efe0c/BpiYJ-m5mXPXfjkzEt6yZ.png', 'fullname': 'ONNX Community', 'name': 'onnx-community', 'type': 'org', 'isHf': False, 'isMod': False, 'isEnterprise': False}",2,False,onnx-community/decision-transformer-gym-walker2d-medium-replay,NotSupported_PipelineLibraryPairNotSupported,2024-06-06T15:18:38.000Z,0,feature-extraction,False,model,False,,4.61MB,4833935.36,4833935.36,162,26-07-2024
